{
    "n_subjects": 20,
    "subject_ids": [
        1,
        2,
        3,
        4,
        5,
        6,
        7,
        8,
        9,
        10,
        11,
        12,
        13,
        14,
        15,
        16,
        17,
        18,
        19,
        20
    ],
    "band_power_stats": {
        "delta": {
            "high_ambiguity": {
                "mean": 19.298540558242202,
                "std": 2.389477214632087,
                "median": 19.704251618109442,
                "min": 14.697276804614262,
                "max": 24.352813217611356
            },
            "low_ambiguity": {
                "mean": 20.10428991262662,
                "std": 2.5415262241518075,
                "median": 19.386094295212132,
                "min": 15.642667615768133,
                "max": 26.9817908207132
            },
            "difference": {
                "mean": -0.8057493543844165,
                "std": 1.4301976151590385,
                "median": -1.1292516216022968,
                "min": -2.9244884621961234,
                "max": 1.9178151592942676
            },
            "t_test": {
                "t_statistic": -2.4557305734244688,
                "p_value": 0.023860580478763445,
                "significant": 