{
    "subject_idx": 3,
    "multiscale_entropy": {
        "high_ambiguity": [
            0.6478283241441393,
            1.258432210087867,
            1.5143663676386636,
            1.6874935354995055,
            1.7127609556237824,
            1.6576676955297476,
            1.6609454695800323,
            1.4469189829363254,
            1.6133518117552368,
            1.5396683418789767
        ],
        "low_ambiguity": [
            0.668863852061275,
            1.3024751103721524,
            1.5865884796617564,
            1.6820456416201188,
            1.6416714070090848,
            1.7093405228126355,
            1.5604303333274059,
            1.5040773967762742,
            1.7543019066931547,
            1.389197120777852
        ],
        "difference": [
            -0.0210355279171357,
            -0.04404290028428526,
            -0.07222211202309281,
            0.0054478938793867115,
            0.07108954861469763,
            -0.05167282728288791,
            0.10051513625262642,
            -0.057158413839948796,
            -0.14095009493791788,
            0.15047122110112476
        ]
    },
    "phase_synchronization": {
        "alpha": {
            "high_ambiguity_psi": 0.47143212125625905,
            "low_ambiguity_psi": 0.49005608931507766,
            "high_ambiguity_entropy": 5.532966478262038,
            "low_ambiguity_entropy": 5.852143431616187,
            "psi_difference": -0.018623968058818607,
            "entropy_difference": -0.3191769533541491
        },
        "beta": {
            "high_ambiguity_psi": 0.40286085467119204,
            "low_ambiguity_psi": 0.47775275891365765,
            "high_ambiguity_entropy": 6.268155809209247,
            "low_ambiguity_entropy": 6.0190826090288905,
            "psi_difference": -0.07489190424246561,
            "entropy_difference": 0.24907320018035684
        }
    },
    "transfer_entropy": {
        "frontal_to_central": {
            "high_ambiguity": 0.033386672550464666,
            "high_significance": -576.8598130361877,
            "low_ambiguity": 0.03296340985375055,
            "low_significance": -724.5676284644546,
            "difference": 0.0004232626967141176
        },
        "central_to_frontal": {
            "high_ambiguity": 0.030003892495944453,
            "high_significance": -774.7735753281985,
            "low_ambiguity": 0.028351356049531103,
            "low_significance": -455.59682785777187,
            "difference": 0.0016525364464133503
        },
        "asymmetry": {
            "high_ambiguity": 0.003382780054520213,
            "low_ambiguity": 0.004612053804219446,
            "difference": -0.0012292737496992327
        }
    }
}