{
    "subject_idx": 8,
    "multiscale_entropy": {
        "high_ambiguity": [
            0.8712854063040971,
            1.6618620656306762,
            2.130920830674079,
            1.9352717508502575,
            1.9004926693645205,
            2.214746928028422,
            1.7635885922613588,
            2.0037297199441397,
            1.8718021769015913,
            2.145931282948669
        ],
        "low_ambiguity": [
            0.7820655352298902,
            1.5620054008474284,
            1.9034634588080561,
            1.9642145039173267,
            1.910365211635902,
            2.1633230256605382,
            1.9252908618525775,
            1.8091512119399242,
            2.409194828052304,
            1.7797832781813394
        ],
        "difference": [
            0.08921987107420692,
            0.09985666478324773,
            0.22745737186602288,
            -0.02894275306706917,
            -0.009872542271381457,
            0.051423902367883745,
            -0.1617022695912187,
            0.1945785080042155,
            -0.5373926511507126,
            0.36614800476732956
        ]
    },
    "phase_synchronization": {
        "alpha": {
            "high_ambiguity_psi": 0.35327418290520696,
            "low_ambiguity_psi": 0.1987051222054014,
            "high_ambiguity_entropy": 6.2801215953527585,
            "low_ambiguity_entropy": 6.676764648893036,
            "psi_difference": 0.15456906069980555,
            "entropy_difference": -0.3966430535402772
        },
        "beta": {
            "high_ambiguity_psi": 0.35082993985510746,
            "low_ambiguity_psi": 0.1315314742187416,
            "high_ambiguity_entropy": 6.453479826989374,
            "low_ambiguity_entropy": 6.8156518796359755,
            "psi_difference": 0.21929846563636587,
            "entropy_difference": -0.3621720526466019
        }
    },
    "transfer_entropy": {
        "frontal_to_central": {
            "high_ambiguity": 0.03731602242740365,
            "high_significance": -569.1202177095987,
            "low_ambiguity": 0.035383989290847205,
            "low_significance": -640.3855914833578,
            "difference": 0.0019320331365564464
        },
        "central_to_frontal": {
            "high_ambiguity": 0.03530304223828418,
            "high_significance": -672.786443608865,
            "low_ambiguity": 0.025886964481569314,
            "low_significance": -656.7998493515133,
            "difference": 0.009416077756714863
        },
        "asymmetry": {
            "high_ambiguity": 0.0020129801891194746,
            "low_ambiguity": 0.009497024809277891,
            "difference": -0.007484044620158416
        }
    }
}