{
    "subject_idx": 15,
    "multiscale_entropy": {
        "high_ambiguity": [
            0.7852983253986245,
            1.5078277360233179,
            1.903030319449177,
            1.969905654611529,
            2.2512917986064953,
            1.8632184332102,
            2.8622008809294686,
            2.239526957026909,
            3.5336865647082343,
            2.6741486494265287
        ],
        "low_ambiguity": [
            0.8036499680028227,
            1.5134997327885646,
            1.8325814637483102,
            1.9781237690389681,
            1.8518237099707051,
            1.9218125974762528,
            2.056452023455137,
            1.9622592870568427,
            2.2361399935858928,
            2.327277705584417
        ],
        "difference": [
            -0.018351642604198193,
            -0.005671996765246767,
            0.0704488557008669,
            -0.008218114427439138,
            0.3994680886357902,
            -0.058594164266052795,
            0.8057488574743314,
            0.27726766997006624,
            1.2975465711223415,
            0.3468709438421116
        ]
    },
    "phase_synchronization": {
        "alpha": {
            "high_ambiguity_psi": 0.5084675582057863,
            "low_ambiguity_psi": 0.2371493430868963,
            "high_ambiguity_entropy": 5.466609265696919,
            "low_ambiguity_entropy": 6.515646463109455,
            "psi_difference": 0.27131821511889,
            "entropy_difference": -1.0490371974125363
        },
        "beta": {
            "high_ambiguity_psi": 0.41371986369362224,
            "low_ambiguity_psi": 0.348001052999867,
            "high_ambiguity_entropy": 6.226830625578906,
            "low_ambiguity_entropy": 6.455499554859586,
            "psi_difference": 0.06571881069375524,
            "entropy_difference": -0.22866892928068072
        }
    },
    "transfer_entropy": {
        "frontal_to_central": {
            "high_ambiguity": 0.03609948045318781,
            "high_significance": -624.2906266461217,
            "low_ambiguity": 0.03555588867036024,
            "low_significance": -440.47708160914897,
            "difference": 0.0005435917828275696
        },
        "central_to_frontal": {
            "high_ambiguity": 0.036897174724287427,
            "high_significance": -708.4194727413128,
            "low_ambiguity": 0.035173984117417505,
            "low_significance": -682.5213099209398,
            "difference": 0.0017231906068699218
        },
        "asymmetry": {
            "high_ambiguity": -0.0007976942710996165,
            "low_ambiguity": 0.0003819045529427356,
            "difference": -0.0011795988240423522
        }
    }
}