{
    "subject_idx": 10,
    "multiscale_entropy": {
        "high_ambiguity": [
            0.9267112793370444,
            1.824814755285947,
            2.1334160974262533,
            2.143157356065944,
            2.384436119424366,
            2.2662174488231708,
            2.1041341542702074,
            2.0082140323914683,
            1.859897274395273,
            1.791759469228055
        ],
        "low_ambiguity": [
            0.9117318307512049,
            1.7930071300262103,
            2.1339923921127038,
            2.2512917986064953,
            2.076833978272755,
            2.369524575669155,
            2.4069451083182885,
            2.466888144285322,
            1.9924301646902063,
            2.1972245773362196
        ],
        "difference": [
            0.01497944858583955,
            0.031807625259736794,
            -0.0005762946864504848,
            -0.10813444254055149,
            0.307602141151611,
            -0.10330712684598442,
            -0.302810954048081,
            -0.45867411189385354,
            -0.1325328902949332,
            -0.4054651081081646
        ]
    },
    "phase_synchronization": {
        "alpha": {
            "high_ambiguity_psi": 0.10985362130209222,
            "low_ambiguity_psi": 0.3034012148231459,
            "high_ambiguity_entropy": 6.681133746663929,
            "low_ambiguity_entropy": 6.160792548862438,
            "psi_difference": -0.1935475935210537,
            "entropy_difference": 0.5203411978014909
        },
        "beta": {
            "high_ambiguity_psi": 0.08689229954794893,
            "low_ambiguity_psi": 0.026116421981496985,
            "high_ambiguity_entropy": 6.863766646028237,
            "low_ambiguity_entropy": 6.883918633694496,
            "psi_difference": 0.06077587756645195,
            "entropy_difference": -0.020151987666259252
        }
    },
    "transfer_entropy": {
        "frontal_to_central": {
            "high_ambiguity": 0.03618534503269298,
            "high_significance": -441.1027023263683,
            "low_ambiguity": 0.0303599230075412,
            "low_significance": -565.676655088142,
            "difference": 0.00582542202515178
        },
        "central_to_frontal": {
            "high_ambiguity": 0.03607056085138172,
            "high_significance": -684.4925722871145,
            "low_ambiguity": 0.03622259473579417,
            "low_significance": -902.3528348825737,
            "difference": -0.0001520338844124558
        },
        "asymmetry": {
            "high_ambiguity": 0.00011478418131126433,
            "low_ambiguity": -0.005862671728252972,
            "difference": 0.005977455909564236
        }
    }
}