{
    "subject_idx": 17,
    "multiscale_entropy": {
        "high_ambiguity": [
            0.9061792525749485,
            1.7110772272900727,
            2.022808200049378,
            1.9732303241416966,
            1.971552579668651,
            1.780198646826979,
            1.65455834771457,
            1.6054298910365616,
            1.7769443834429144,
            1.405342556090585
        ],
        "low_ambiguity": [
            1.0731815720191804,
            1.9427304961379337,
            2.2986558148541563,
            2.2262121142094715,
            2.0395956331326364,
            2.5649493574615367,
            2.173127025757159,
            1.8299112351924312,
            2.2072749131897207,
            1.9315214116032136
        ],
        "difference": [
            -0.16700231944423194,
            -0.23165326884786097,
            -0.2758476148047784,
            -0.2529817900677749,
            -0.06804305346398531,
            -0.7847507106345577,
            -0.5185686780425891,
            -0.2244813441558695,
            -0.4303305297468063,
            -0.5261788555126286
        ]
    },
    "phase_synchronization": {
        "alpha": {
            "high_ambiguity_psi": 0.08396939824295153,
            "low_ambiguity_psi": 0.1306029271014081,
            "high_ambiguity_entropy": 6.794603960195916,
            "low_ambiguity_entropy": 6.7431294384996345,
            "psi_difference": -0.04663352885845658,
            "entropy_difference": 0.05147452169628153
        },
        "beta": {
            "high_ambiguity_psi": 0.30723424733055194,
            "low_ambiguity_psi": 0.10616194619076072,
            "high_ambiguity_entropy": 6.470230013467184,
            "low_ambiguity_entropy": 6.844523411223802,
            "psi_difference": 0.20107230113979122,
            "entropy_difference": -0.3742933977566185
        }
    },
    "transfer_entropy": {
        "frontal_to_central": {
            "high_ambiguity": 0.032494266065293244,
            "high_significance": -502.23363976619976,
            "low_ambiguity": 0.03541145997271525,
            "low_significance": -438.10535763528475,
            "difference": -0.002917193907422004
        },
        "central_to_frontal": {
            "high_ambiguity": 0.02583081545944962,
            "high_significance": -938.3902809063572,
            "low_ambiguity": 0.035406978033727436,
            "low_significance": -662.8687051085932,
            "difference": -0.009576162574277815
        },
        "asymmetry": {
            "high_ambiguity": 0.006663450605843623,
            "low_ambiguity": 4.48193898781174e-06,
            "difference": 0.006658968666855811
        }
    }
}