{
    "subject_idx": 13,
    "multiscale_entropy": {
        "high_ambiguity": [
            0.9316868103411263,
            1.7499843531628219,
            2.2024193942133232,
            2.179042258253029,
            2.167910189667444,
            2.2900063107871858,
            2.1302138670532593,
            2.0794415416798357,
            2.5649493574615367,
            2.006534770871748
        ],
        "low_ambiguity": [
            0.8632061977958114,
            1.694256554811085,
            2.1903516980484574,
            2.2512917986064953,
            1.9218125974762528,
            2.5102244577722903,
            2.3841650799864684,
            2.0689702418125404,
            1.8523840910444898,
            2.5257286443082556
        ],
        "difference": [
            0.0684806125453149,
            0.0557277983517368,
            0.012067696164865804,
            -0.0722495403534662,
            0.2460975921911912,
            -0.22021814698510456,
            -0.2539512129332091,
            0.010471299867295336,
            0.712565266417047,
            -0.5191938734365076
        ]
    },
    "phase_synchronization": {
        "alpha": {
            "high_ambiguity_psi": 0.0054956124587588594,
            "low_ambiguity_psi": 0.4541590270574123,
            "high_ambiguity_entropy": 6.667274209344129,
            "low_ambiguity_entropy": 5.691234788061802,
            "psi_difference": -0.44866341459865344,
            "entropy_difference": 0.9760394212823265
        },
        "beta": {
            "high_ambiguity_psi": 0.09103409358738519,
            "low_ambiguity_psi": 0.14579824927081492,
            "high_ambiguity_entropy": 6.885552135391612,
            "low_ambiguity_entropy": 6.8031815553362005,
            "psi_difference": -0.054764155683429724,
            "entropy_difference": 0.08237058005541176
        }
    },
    "transfer_entropy": {
        "frontal_to_central": {
            "high_ambiguity": 0.03627043848461735,
            "high_significance": -682.019152796081,
            "low_ambiguity": 0.03083469469461579,
            "low_significance": -713.1481864277673,
            "difference": 0.005435743790001557
        },
        "central_to_frontal": {
            "high_ambiguity": 0.03254137381948998,
            "high_significance": -630.0102884309285,
            "low_ambiguity": 0.03575825329143639,
            "low_significance": -561.2291807252857,
            "difference": -0.0032168794719464114
        },
        "asymmetry": {
            "high_ambiguity": 0.003729064665127367,
            "low_ambiguity": -0.004923558596820601,
            "difference": 0.008652623261947968
        }
    }
}