{
    "subject_idx": 12,
    "multiscale_entropy": {
        "high_ambiguity": [
            0.8563302645865243,
            1.6945285864049415,
            1.9702708665214965,
            2.1836189252804408,
            1.9360090780726016,
            1.8718021769015913,
            1.8627112052003394,
            1.7819071727850433,
            1.739115735742633,
            1.7609878105613013
        ],
        "low_ambiguity": [
            0.8975527773739689,
            1.7677028400396864,
            1.9672749715530102,
            2.169053700369523,
            2.2512917986064953,
            2.1102132003465894,
            2.4595888418037104,
            1.8430527636156055,
            2.0863619845244097,
            2.2335922215070942
        ],
        "difference": [
            -0.0412225127874446,
            -0.07317425363474483,
            0.00299589496848629,
            0.014565224910917607,
            -0.3152827205338937,
            -0.2384110234449981,
            -0.596877636603371,
            -0.06114559083056226,
            -0.3472462487817767,
            -0.472604410945793
        ]
    },
    "phase_synchronization": {
        "alpha": {
            "high_ambiguity_psi": 0.3608496441388713,
            "low_ambiguity_psi": 0.10973907978980639,
            "high_ambiguity_entropy": 6.080763044279821,
            "low_ambiguity_entropy": 6.488777801123948,
            "psi_difference": 0.25111056434906487,
            "entropy_difference": -0.40801475684412747
        },
        "beta": {
            "high_ambiguity_psi": 0.23250777733483283,
            "low_ambiguity_psi": 0.4065340514925921,
            "high_ambiguity_entropy": 6.760375389262425,
            "low_ambiguity_entropy": 6.215844083692151,
            "psi_difference": -0.17402627415775926,
            "entropy_difference": 0.5445313055702741
        }
    },
    "transfer_entropy": {
        "frontal_to_central": {
            "high_ambiguity": 0.03694818935115796,
            "high_significance": -580.4603905168,
            "low_ambiguity": 0.03199651247447278,
            "low_significance": -770.6100614390125,
            "difference": 0.004951676876685185
        },
        "central_to_frontal": {
            "high_ambiguity": 0.03125984345268928,
            "high_significance": -452.7588939327808,
            "low_ambiguity": 0.033933698347152666,
            "low_significance": -1147.3889439483858,
            "difference": -0.0026738548944633886
        },
        "asymmetry": {
            "high_ambiguity": 0.005688345898468686,
            "low_ambiguity": -0.0019371858726798877,
            "difference": 0.0076255317711485734
        }
    }
}