{
    "subject_idx": 5,
    "multiscale_entropy": {
        "high_ambiguity": [
            0.973562165605725,
            1.8599804379364246,
            2.1410300189925775,
            2.3813962734183356,
            2.385861433234647,
            1.8101086078962516,
            2.386466576974748,
            2.0149030205422647,
            1.916922612182061,
            2.378222507199666
        ],
        "low_ambiguity": [
            0.8687814807313762,
            1.643421765249699,
            1.9550048789611958,
            2.3207523969494948,
            1.9411368703026557,
            1.9826421583240432,
            2.1048512572052043,
            1.6094379124341003,
            1.7857893022415512,
            1.5869650565820417
        ],
        "difference": [
            0.10478068487434877,
            0.21655867268672568,
            0.1860251400313817,
            0.06064387646884084,
            0.44472456293199136,
            -0.17253355042779162,
            0.2816153197695437,
            0.4054651081081644,
            0.13113330994050987,
            0.7912574506176242
        ]
    },
    "phase_synchronization": {
        "alpha": {
            "high_ambiguity_psi": 0.14464859370500463,
            "low_ambiguity_psi": 0.057260595252056214,
            "high_ambiguity_entropy": 6.6285436921015,
            "low_ambiguity_entropy": 6.293166533218562,
            "psi_difference": 0.08738799845294842,
            "entropy_difference": 0.3353771588829382
        },
        "beta": {
            "high_ambiguity_psi": 0.47355529427982157,
            "low_ambiguity_psi": 0.3237069950127718,
            "high_ambiguity_entropy": 6.015059985980797,
            "low_ambiguity_entropy": 6.45310115387848,
            "psi_difference": 0.1498482992670498,
            "entropy_difference": -0.43804116789768255
        }
    },
    "transfer_entropy": {
        "frontal_to_central": {
            "high_ambiguity": 0.030073214422045202,
            "high_significance": -952.7372948579205,
            "low_ambiguity": 0.03715885836562109,
            "low_significance": -529.5199787247642,
            "difference": -0.00708564394357589
        },
        "central_to_frontal": {
            "high_ambiguity": 0.039828141735451864,
            "high_significance": -803.0976693069666,
            "low_ambiguity": 0.03614161908848289,
            "low_significance": -384.53940714031194,
            "difference": 0.003686522646968976
        },
        "asymmetry": {
            "high_ambiguity": -0.009754927313406662,
            "low_ambiguity": 0.0010172392771382044,
            "difference": -0.010772166590544866
        }
    }
}