{
    "subject_idx": 2,
    "multiscale_entropy": {
        "high_ambiguity": [
            1.0119586491305264,
            1.8886709303993536,
            2.1344481711920475,
            2.4969861754426015,
            2.339972625065666,
            2.2512917986064953,
            1.9203768470501485,
            1.8881513149031208,
            2.1026086009613705,
            2.327277705584417
        ],
        "low_ambiguity": [
            1.014989869228557,
            1.8655852982204661,
            2.0727906858099265,
            2.13385496340363,
            2.1125414901061808,
            2.200690785312706,
            2.006534770871748,
            2.436116485618568,
            2.2744142160273495,
            1.6582280766035324
        ],
        "difference": [
            -0.003031220098030696,
            0.023085632178887483,
            0.06165748538212101,
            0.36313121203897136,
            0.22743113495948508,
            0.05060101329378952,
            -0.08615792382159948,
            -0.5479651707154474,
            -0.17180561506597902,
            0.6690496289808847
        ]
    },
    "phase_synchronization": {
        "alpha": {
            "high_ambiguity_psi": 0.31793809407012397,
            "low_ambiguity_psi": 0.20095067989673188,
            "high_ambiguity_entropy": 6.278900658425249,
            "low_ambiguity_entropy": 6.469142512673958,
            "psi_difference": 0.11698741417339209,
            "entropy_difference": -0.19024185424870943
        },
        "beta": {
            "high_ambiguity_psi": 0.2125409031697719,
            "low_ambiguity_psi": 0.3365561293750499,
            "high_ambiguity_entropy": 6.71541733514007,
            "low_ambiguity_entropy": 6.482604935482096,
            "psi_difference": -0.12401522620527802,
            "entropy_difference": 0.2328123996579743
        }
    },
    "transfer_entropy": {
        "frontal_to_central": {
            "high_ambiguity": 0.035686071156386834,
            "high_significance": -498.02083727983893,
            "low_ambiguity": 0.03534377564207963,
            "low_significance": -582.2539641775888,
            "difference": 0.0003422955143072004
        },
        "central_to_frontal": {
            "high_ambiguity": 0.03875210220093913,
            "high_significance": -698.2158830604712,
            "low_ambiguity": 0.039609566260970064,
            "low_significance": -717.1493085855401,
            "difference": -0.0008574640600309338
        },
        "asymmetry": {
            "high_ambiguity": -0.003066031044552296,
            "low_ambiguity": -0.00426579061889043,
            "difference": 0.0011997595743381342
        }
    }
}