{
    "subject_idx": 16,
    "multiscale_entropy": {
        "high_ambiguity": [
            1.033514832073031,
            1.8660736907379787,
            2.2603598708204657,
            2.10684051586795,
            1.9184427543547025,
            2.3097025607629096,
            1.985302550765974,
            2.084237713943329,
            2.2735975561207935,
            1.7531446331002754
        ],
        "low_ambiguity": [
            0.9158776367531303,
            1.7426120984107811,
            2.107368248214358,
            2.200690785312706,
            2.024056402528752,
            2.277267285009756,
            2.132686056198648,
            1.9266787871274258,
            2.084237713943329,
            2.5084371471981943
        ],
        "difference": [
            0.11763719531990069,
            0.12346159232719756,
            0.15299162260610766,
            -0.09385026944475561,
            -0.1056136481740495,
            0.032435275753153636,
            -0.14738350543267398,
            0.157558926815903,
            0.1893598421774647,
            -0.755292514097919
        ]
    },
    "phase_synchronization": {
        "alpha": {
            "high_ambiguity_psi": 0.2050782350744368,
            "low_ambiguity_psi": 0.09447656070442462,
            "high_ambiguity_entropy": 6.444233302381187,
            "low_ambiguity_entropy": 6.575341458880964,
            "psi_difference": 0.11060167437001217,
            "entropy_difference": -0.13110815649977692
        },
        "beta": {
            "high_ambiguity_psi": 0.1169859940994483,
            "low_ambiguity_psi": 0.08447701193489417,
            "high_ambiguity_entropy": 6.87827762359448,
            "low_ambiguity_entropy": 6.885408954565719,
            "psi_difference": 0.03250898216455414,
            "entropy_difference": -0.0071313309712390804
        }
    },
    "transfer_entropy": {
        "frontal_to_central": {
            "high_ambiguity": 0.03627210232887765,
            "high_significance": -428.792568708178,
            "low_ambiguity": 0.035472706046121474,
            "low_significance": -457.42714845839873,
            "difference": 0.0007993962827561735
        },
        "central_to_frontal": {
            "high_ambiguity": 0.037846826319683044,
            "high_significance": -932.7750659645762,
            "low_ambiguity": 0.038159009681978946,
            "low_significance": -664.0428591341646,
            "difference": -0.0003121833622959022
        },
        "asymmetry": {
            "high_ambiguity": -0.0015747239908053962,
            "low_ambiguity": -0.002686303635857472,
            "difference": 0.0011115796450520757
        }
    }
}