{
    "subject_idx": 11,
    "multiscale_entropy": {
        "high_ambiguity": [
            0.8771748036499031,
            1.7262598716109334,
            2.0750715420087174,
            1.9310215365615626,
            2.519039656157459,
            2.004179057179289,
            1.807507826196194,
            2.308125273369661,
            2.068012845856213,
            1.821612432377736
        ],
        "low_ambiguity": [
            0.9019152965397528,
            1.7776149618418904,
            1.9814378642477182,
            2.2696972261492103,
            1.9532721454963824,
            2.3353749158170367,
            2.0476928433652555,
            1.5284688499004333,
            1.6650077635889111,
            2.120263536200091
        ],
        "difference": [
            -0.024740492889849697,
            -0.05135509023095697,
            0.09363367776099918,
            -0.3386756895876477,
            0.5657675106610764,
            -0.3311958586377477,
            -0.24018501716906138,
            0.7796564234692278,
            0.4030050822673019,
            -0.29865110382235494
        ]
    },
    "phase_synchronization": {
        "alpha": {
            "high_ambiguity_psi": 0.04814792402366783,
            "low_ambiguity_psi": 0.1592212633416651,
            "high_ambiguity_entropy": 6.856344956123474,
            "low_ambiguity_entropy": 6.408158640171733,
            "psi_difference": -0.11107333931799726,
            "entropy_difference": 0.44818631595174097
        },
        "beta": {
            "high_ambiguity_psi": 0.1465281600499752,
            "low_ambiguity_psi": 0.17504773436818422,
            "high_ambiguity_entropy": 6.781950437924985,
            "low_ambiguity_entropy": 6.804169913061352,
            "psi_difference": -0.028519574318209007,
            "entropy_difference": -0.022219475136366462
        }
    },
    "transfer_entropy": {
        "frontal_to_central": {
            "high_ambiguity": 0.03602972551741688,
            "high_significance": -656.1132781063682,
            "low_ambiguity": 0.03878265461110213,
            "low_significance": -477.68916605838683,
            "difference": -0.0027529290936852482
        },
        "central_to_frontal": {
            "high_ambiguity": 0.025619569120842758,
            "high_significance": -747.6770546772088,
            "low_ambiguity": 0.039401516250009844,
            "low_significance": -463.81532728105253,
            "difference": -0.013781947129167086
        },
        "asymmetry": {
            "high_ambiguity": 0.010410156396574121,
            "low_ambiguity": -0.0006188616389077167,
            "difference": 0.011029018035481838
        }
    }
}