{
    "subject_idx": 14,
    "multiscale_entropy": {
        "high_ambiguity": [
            0.9429453083228875,
            1.8025437364315362,
            2.2254950112744747,
            2.3724970821927602,
            2.2068400360356613,
            2.1102132003465894,
            2.0794415416798357,
            2.315007612992603,
            2.2881963555419462,
            2.065455299705096
        ],
        "low_ambiguity": [
            0.9793239291251808,
            1.9364761168219546,
            2.160918352567753,
            2.234117293716585,
            2.2536812860038764,
            2.1941333847665465,
            2.0571357841655376,
            2.15598161880217,
            2.374905754573672,
            1.9033505346365174
        ],
        "difference": [
            -0.03637862080229337,
            -0.13393238039041844,
            0.0645766587067218,
            0.13837978847617505,
            -0.04684124996821515,
            -0.08392018441995708,
            0.022305757514298197,
            0.15902599419043284,
            -0.08670939903172581,
            0.16210476506857852
        ]
    },
    "phase_synchronization": {
        "alpha": {
            "high_ambiguity_psi": 0.30502738496530507,
            "low_ambiguity_psi": 0.27843140186136944,
            "high_ambiguity_entropy": 6.193721754387001,
            "low_ambiguity_entropy": 6.276898658320208,
            "psi_difference": 0.026595983103935628,
            "entropy_difference": -0.08317690393320731
        },
        "beta": {
            "high_ambiguity_psi": 0.15882935902974868,
            "low_ambiguity_psi": 0.2944418283662543,
            "high_ambiguity_entropy": 6.773347479746877,
            "low_ambiguity_entropy": 6.568551551873743,
            "psi_difference": -0.13561246933650564,
            "entropy_difference": 0.20479592787313372
        }
    },
    "transfer_entropy": {
        "frontal_to_central": {
            "high_ambiguity": 0.03868594633979341,
            "high_significance": -638.5656216928923,
            "low_ambiguity": 0.0354732491642929,
            "low_significance": -977.1115357726156,
            "difference": 0.0032126971755005104
        },
        "central_to_frontal": {
            "high_ambiguity": 0.034773315594074046,
            "high_significance": -532.8138942742564,
            "low_ambiguity": 0.03193615037095174,
            "low_significance": -518.0640590697537,
            "difference": 0.002837165223122308
        },
        "asymmetry": {
            "high_ambiguity": 0.0039126307457193615,
            "low_ambiguity": 0.003537098793341159,
            "difference": 0.00037553195237820247
        }
    }
}