{
    "subject_idx": 7,
    "multiscale_entropy": {
        "high_ambiguity": [
            0.9185885593289627,
            1.805961622110157,
            2.1743965447800186,
            2.0692150098960047,
            1.9810014688665833,
            2.1022067524528483,
            2.1892564076870427,
            1.7841548698428358,
            2.534578259585238,
            1.9878743481543455
        ],
        "low_ambiguity": [
            0.9138515378995274,
            1.7686551008826374,
            1.9666005423127595,
            2.0996170747150944,
            2.173804303128121,
            2.5687881337687024,
            1.7635885922613588,
            2.0541237336955462,
            2.2963154799804504,
            1.8856912890622586
        ],
        "difference": [
            0.0047370214294352175,
            0.03730652122751965,
            0.20779600246725916,
            -0.03040206481908969,
            -0.19280283426153755,
            -0.46658138131585414,
            0.4256678154256839,
            -0.26996886385271046,
            0.2382627796047876,
            0.10218305909208691
        ]
    },
    "phase_synchronization": {
        "alpha": {
            "high_ambiguity_psi": 0.23923356802314974,
            "low_ambiguity_psi": 0.16673182006296916,
            "high_ambiguity_entropy": 6.401983506824754,
            "low_ambiguity_entropy": 6.343819886244008,
            "psi_difference": 0.07250174796018058,
            "entropy_difference": 0.05816362058074631
        },
        "beta": {
            "high_ambiguity_psi": 0.07521042225734086,
            "low_ambiguity_psi": 0.11161036643968093,
            "high_ambiguity_entropy": 6.84894937079755,
            "low_ambiguity_entropy": 6.881837738664717,
            "psi_difference": -0.03639994418234008,
            "entropy_difference": -0.03288836786716676
        }
    },
    "transfer_entropy": {
        "frontal_to_central": {
            "high_ambiguity": 0.03639267483174831,
            "high_significance": -609.9439449711242,
            "low_ambiguity": 0.0360627759456632,
            "low_significance": -720.8150816836645,
            "difference": 0.00032989888608511014
        },
        "central_to_frontal": {
            "high_ambiguity": 0.034079558727098024,
            "high_significance": -289.7390765171683,
            "low_ambiguity": 0.034278762775790665,
            "low_significance": -460.1590411814157,
            "difference": -0.00019920404869264163
        },
        "asymmetry": {
            "high_ambiguity": 0.0023131161046502854,
            "low_ambiguity": 0.0017840131698725337,
            "difference": 0.0005291029347777518
        }
    }
}