{
    "subject_idx": 6,
    "multiscale_entropy": {
        "high_ambiguity": [
            0.8957798398804573,
            1.7821615137010636,
            2.2598673633088913,
            2.3677243951650073,
            2.004179057179289,
            1.9027857224215585,
            2.3025850929940455,
            2.409194828052304,
            2.639057329615259,
            2.3025850929940455
        ],
        "low_ambiguity": [
            0.8444918756198092,
            1.6247302228058458,
            1.9459101490553135,
            2.337165426590825,
            2.2088526153313386,
            2.515678308454754,
            2.2655438213136967,
            2.3573099926832923,
            2.337676412805316,
            2.842969519001581
        ],
        "difference": [
            0.05128796426064808,
            0.1574312908952178,
            0.3139572142535778,
            0.030558968574182277,
            -0.20467355815204957,
            -0.6128925860331955,
            0.037041271680348764,
            0.05188483536901156,
            0.30138091680994306,
            -0.5403844260075354
        ]
    },
    "phase_synchronization": {
        "alpha": {
            "high_ambiguity_psi": 0.13133228470345934,
            "low_ambiguity_psi": 0.05418555061629413,
            "high_ambiguity_entropy": 6.68521471149745,
            "low_ambiguity_entropy": 6.493658497911711,
            "psi_difference": 0.07714673408716521,
            "entropy_difference": 0.1915562135857387
        },
        "beta": {
            "high_ambiguity_psi": 0.2542347698560802,
            "low_ambiguity_psi": 0.14047853906805954,
            "high_ambiguity_entropy": 6.6508245003062,
            "low_ambiguity_entropy": 6.818068355144659,
            "psi_difference": 0.11375623078802063,
            "entropy_difference": -0.16724385483845872
        }
    },
    "transfer_entropy": {
        "frontal_to_central": {
            "high_ambiguity": 0.035504895760586665,
            "high_significance": -460.1296879509319,
            "low_ambiguity": 0.03228811148613452,
            "low_significance": -614.1213095558684,
            "difference": 0.003216784274452142
        },
        "central_to_frontal": {
            "high_ambiguity": 0.03955244167777841,
            "high_significance": -715.3494418140996,
            "low_ambiguity": 0.032114090478103714,
            "low_significance": -883.3419940614222,
            "difference": 0.007438351199674696
        },
        "asymmetry": {
            "high_ambiguity": -0.004047545917191746,
            "low_ambiguity": 0.00017402100803080855,
            "difference": -0.004221566925222554
        }
    }
}