{
    "subject_idx": 1,
    "multiscale_entropy": {
        "high_ambiguity": [
            0.8098593612148357,
            1.537418487529433,
            1.9970743473306292,
            1.9308471027442176,
            1.9908054689632042,
            2.1892564076870427,
            2.065958191342549,
            2.191032607088298,
            2.07159836421881,
            1.8484548129046003
        ],
        "low_ambiguity": [
            0.8552608291657547,
            1.588488286122563,
            1.8856912890622586,
            2.3894421370873125,
            1.9266787871274258,
            2.247776856499051,
            1.8813716279177422,
            2.031432322493475,
            2.316769727986002,
            2.1972245773362196
        ],
        "difference": [
            -0.04540146795091904,
            -0.0510697985931301,
            0.11138305826837058,
            -0.4585950343430949,
            0.06412668183577841,
            -0.05852044881200813,
            0.18458656342480695,
            0.159600284594823,
            -0.24517136376719195,
            -0.3487697644316192
        ]
    },
    "phase_synchronization": {
        "alpha": {
            "high_ambiguity_psi": 0.3300080514956981,
            "low_ambiguity_psi": 0.27760673172484696,
            "high_ambiguity_entropy": 6.029610630326235,
            "low_ambiguity_entropy": 6.333942747280477,
            "psi_difference": 0.05240131977085116,
            "entropy_difference": -0.30433211695424234
        },
        "beta": {
            "high_ambiguity_psi": 0.08498013738006448,
            "low_ambiguity_psi": 0.15315052223994663,
            "high_ambiguity_entropy": 6.803402863849682,
            "low_ambiguity_entropy": 6.807999124348994,
            "psi_difference": -0.06817038485988215,
            "entropy_difference": -0.004596260499312166
        }
    },
    "transfer_entropy": {
        "frontal_to_central": {
            "high_ambiguity": 0.030250377204324205,
            "high_significance": -888.1851733836938,
            "low_ambiguity": 0.034625495044946886,
            "low_significance": -444.25147639811405,
            "difference": -0.00437511784062268
        },
        "central_to_frontal": {
            "high_ambiguity": 0.031238972776162097,
            "high_significance": -486.61336714429365,
            "low_ambiguity": 0.03814616747261719,
            "low_significance": -475.3764001166507,
            "difference": -0.006907194696455093
        },
        "asymmetry": {
            "high_ambiguity": -0.0009885955718378914,
            "low_ambiguity": -0.0035206724276703044,
            "difference": 0.002532076855832413
        }
    }
}