{
    "subject_idx": 4,
    "multiscale_entropy": {
        "high_ambiguity": [
            1.069088536635994,
            1.981196267737366,
            2.278216501977088,
            2.5565530025086303,
            2.4738811797762925,
            2.4069451083182885,
            1.9383629434199303,
            2.581298495463066,
            2.597384633214691,
            2.205129756843333
        ],
        "low_ambiguity": [
            1.077202398092654,
            1.9682370354877061,
            2.3504763806984603,
            2.4585198946148052,
            2.3002013016387695,
            2.3460702049337847,
            2.115250994376547,
            1.895195056476297,
            1.6131347743154265,
            1.8838747581358606
        ],
        "difference": [
            -0.008113861456660043,
            0.012959232249659891,
            -0.0722598787213724,
            0.09803310789382502,
            0.17367987813752306,
            0.06087490338450374,
            -0.17688805095661664,
            0.6861034389867691,
            0.9842498588992643,
            0.3212549987074722
        ]
    },
    "phase_synchronization": {
        "alpha": {
            "high_ambiguity_psi": 0.003211828546743529,
            "low_ambiguity_psi": 0.1447833390644583,
            "high_ambiguity_entropy": 6.8226643321776175,
            "low_ambiguity_entropy": 6.577600427246402,
            "psi_difference": -0.14157151051771477,
            "entropy_difference": 0.24506390493121533
        },
        "beta": {
            "high_ambiguity_psi": 0.0839050601946792,
            "low_ambiguity_psi": 0.036892182593077194,
            "high_ambiguity_entropy": 6.91529111642847,
            "low_ambiguity_entropy": 6.854639868973992,
            "psi_difference": 0.04701287760160201,
            "entropy_difference": 0.06065124745447825
        }
    },
    "transfer_entropy": {
        "frontal_to_central": {
            "high_ambiguity": 0.035434628804827235,
            "high_significance": -413.8266297246038,
            "low_ambiguity": 0.03556147133138059,
            "low_significance": -556.1205983300971,
            "difference": -0.00012684252655335154
        },
        "central_to_frontal": {
            "high_ambiguity": 0.03702493954672658,
            "high_significance": -603.8642806364041,
            "low_ambiguity": 0.03602592011899137,
            "low_significance": -372.61320553395336,
            "difference": 0.0009990194277352121
        },
        "asymmetry": {
            "high_ambiguity": -0.001590310741899345,
            "low_ambiguity": -0.0004644487876107814,
            "difference": -0.0011258619542885637
        }
    }
}