{
    "subject_idx": 19,
    "multiscale_entropy": {
        "high_ambiguity": [
            0.8363690822481001,
            1.6151905649235503,
            2.007647849661093,
            1.9848255653049869,
            2.6642475784438173,
            2.3615276286274955,
            2.147392203588344,
            2.429846872604973,
            2.9789251552376097,
            1.8718021769015913
        ],
        "low_ambiguity": [
            0.8867880462015064,
            1.7625925762427623,
            2.0975065490774747,
            1.9312255973723922,
            2.0293810397229177,
            1.9588135538912212,
            1.7471273152072868,
            1.8772816426662169,
            2.0794415416798357,
            1.7255100836868544
        ],
        "difference": [
            -0.05041896395340628,
            -0.14740201131921205,
            -0.0898586994163817,
            0.053599967932594694,
            0.6348665387208996,
            0.4027140747362743,
            0.4002648883810571,
            0.5525652299387562,
            0.899483613557774,
            0.1462920932147369
        ]
    },
    "phase_synchronization": {
        "alpha": {
            "high_ambiguity_psi": 0.35844296460359676,
            "low_ambiguity_psi": 0.1261273131473421,
            "high_ambiguity_entropy": 6.16106378989975,
            "low_ambiguity_entropy": 6.6124919069809165,
            "psi_difference": 0.23231565145625466,
            "entropy_difference": -0.4514281170811669
        },
        "beta": {
            "high_ambiguity_psi": 0.17594127148945504,
            "low_ambiguity_psi": 0.3723833143587073,
            "high_ambiguity_entropy": 6.769309629818884,
            "low_ambiguity_entropy": 6.291923766191049,
            "psi_difference": -0.19644204286925226,
            "entropy_difference": 0.47738586362783497
        }
    },
    "transfer_entropy": {
        "frontal_to_central": {
            "high_ambiguity": 0.037419088364600346,
            "high_significance": -1240.6316766759755,
            "low_ambiguity": 0.03307193398743169,
            "low_significance": -456.2291468993981,
            "difference": 0.004347154377168656
        },
        "central_to_frontal": {
            "high_ambiguity": 0.0373045008264022,
            "high_significance": -536.4368526839943,
            "low_ambiguity": 0.03571851398818401,
            "low_significance": -439.7579736388088,
            "difference": 0.0015859868382181938
        },
        "asymmetry": {
            "high_ambiguity": 0.0001145875381981451,
            "low_ambiguity": -0.0026465800007523174,
            "difference": 0.0027611675389504625
        }
    }
}