{
    "subject_idx": 9,
    "multiscale_entropy": {
        "high_ambiguity": [
            1.0708201084772935,
            1.992967943676009,
            2.2276220545205905,
            2.4240649905317553,
            2.512305623976115,
            2.1972245773362196,
            1.8627112052003394,
            2.2072749131897207,
            2.0027077474484467,
            2.132686056198648
        ],
        "low_ambiguity": [
            1.084199798311988,
            2.0762312660495876,
            2.4445742077820287,
            2.6741486494265287,
            2.1972245773362196,
            2.269914310704497,
            2.538973871058276,
            2.5370924029585704,
            1.749199854809259,
            2.339399066116762
        ],
        "difference": [
            -0.013379689834694508,
            -0.08326332237357859,
            -0.21695215326143824,
            -0.25008365889477346,
            0.3150810466398952,
            -0.07268973336827722,
            -0.6762626658579367,
            -0.3298174897688497,
            0.2535078926391876,
            -0.20671300991811403
        ]
    },
    "phase_synchronization": {
        "alpha": {
            "high_ambiguity_psi": 0.09792923094308861,
            "low_ambiguity_psi": 0.12494708886286372,
            "high_ambiguity_entropy": 6.669920974198234,
            "low_ambiguity_entropy": 6.697906369706642,
            "psi_difference": -0.02701785791977511,
            "entropy_difference": -0.027985395508407507
        },
        "beta": {
            "high_ambiguity_psi": 0.03360979204828592,
            "low_ambiguity_psi": 0.03815472770194766,
            "high_ambiguity_entropy": 6.921817651855378,
            "low_ambiguity_entropy": 6.933451402522776,
            "psi_difference": -0.004544935653661736,
            "entropy_difference": -0.011633750667398246
        }
    },
    "transfer_entropy": {
        "frontal_to_central": {
            "high_ambiguity": 0.03500734100024241,
            "high_significance": -748.8560291973411,
            "low_ambiguity": 0.03532677205622734,
            "low_significance": -489.68796359630136,
            "difference": -0.00031943105598493393
        },
        "central_to_frontal": {
            "high_ambiguity": 0.03622688691232015,
            "high_significance": -485.24998394050135,
            "low_ambiguity": 0.039960408290971944,
            "low_significance": -518.9752437585737,
            "difference": -0.003733521378651794
        },
        "asymmetry": {
            "high_ambiguity": -0.0012195459120777422,
            "low_ambiguity": -0.004633636234744602,
            "difference": 0.00341409032266686
        }
    }
}