{
    "subject_idx": 0,
    "multiscale_entropy": {
        "high_ambiguity": [
            0.9551698635016662,
            1.804017366623557,
            2.126183478711081,
            2.062937041008373,
            2.1719067693519296,
            2.16150649473414,
            2.010129741789607,
            2.3774864011671633,
            1.971552579668651,
            2.231357583705678
        ],
        "low_ambiguity": [
            0.8276213468943469,
            1.5863821361341743,
            1.8968539920661192,
            2.0044785032063808,
            1.9908054689632042,
            2.2512917986064953,
            2.409194828052304,
            2.1129642337184795,
            2.330755969960742,
            2.165874047452143
        ],
        "difference": [
            0.12754851660731936,
            0.2176352304893827,
            0.229329486644962,
            0.05845853780199217,
            0.1811013003887254,
            -0.08978530387235528,
            -0.39906508626269677,
            0.26452216744868373,
            -0.3592033902920908,
            0.06548353625353487
        ]
    },
    "phase_synchronization": {
        "alpha": {
            "high_ambiguity_psi": 0.20647929337628088,
            "low_ambiguity_psi": 0.30905928470313393,
            "high_ambiguity_entropy": 6.58016766480661,
            "low_ambiguity_entropy": 6.316721826340666,
            "psi_difference": -0.10257999132685305,
            "entropy_difference": 0.2634458384659437
        },
        "beta": {
            "high_ambiguity_psi": 0.07766679493273151,
            "low_ambiguity_psi": 0.22951253069434235,
            "high_ambiguity_entropy": 6.899825502865998,
            "low_ambiguity_entropy": 6.739810372659319,
            "psi_difference": -0.15184573576161084,
            "entropy_difference": 0.1600151302066788
        }
    },
    "transfer_entropy": {
        "frontal_to_central": {
            "high_ambiguity": 0.03723816720014192,
            "high_significance": -677.9194845679198,
            "low_ambiguity": 0.033278768254426196,
            "low_significance": -563.840820959488,
            "difference": 0.003959398945715724
        },
        "central_to_frontal": {
            "high_ambiguity": 0.031834598783487204,
            "high_significance": -658.8858534938742,
            "low_ambiguity": 0.03796185831443231,
            "low_significance": -657.3294099387357,
            "difference": -0.006127259530945103
        },
        "asymmetry": {
            "high_ambiguity": 0.005403568416654715,
            "low_ambiguity": -0.004683090060006112,
            "difference": 0.010086658476660827
        }
    }
}