{
    "subject_idx": 18,
    "multiscale_entropy": {
        "high_ambiguity": [
            0.7648171181862369,
            1.4898105475656385,
            1.7529196359117911,
            1.9485041842323598,
            1.9477399757323897,
            2.0541237336955462,
            2.498699971920336,
            2.2934526094307732,
            1.7635885922613588,
            2.9618307218783095
        ],
        "low_ambiguity": [
            0.7326431807757943,
            1.3585964092033895,
            1.6750245418323824,
            1.9089351559438132,
            1.8492833133662416,
            2.0763116486709086,
            2.643511679964639,
            1.9459101490553135,
            2.803360380906535,
            2.3025850929940455
        ],
        "difference": [
            0.03217393741044261,
            0.13121413836224893,
            0.07789509407940876,
            0.03956902828854658,
            0.09845666236614803,
            -0.02218791497536232,
            -0.144811708044303,
            0.34754246037545977,
            -1.039771788645176,
            0.6592456288842641
        ]
    },
    "phase_synchronization": {
        "alpha": {
            "high_ambiguity_psi": 0.17513111815953125,
            "low_ambiguity_psi": 0.4297522830082935,
            "high_ambiguity_entropy": 6.591017287247832,
            "low_ambiguity_entropy": 6.030830276340075,
            "psi_difference": -0.25462116484876224,
            "entropy_difference": 0.5601870109077565
        },
        "beta": {
            "high_ambiguity_psi": 0.17926390708145928,
            "low_ambiguity_psi": 0.330589547670697,
            "high_ambiguity_entropy": 6.765051091562389,
            "low_ambiguity_entropy": 6.52198780420772,
            "psi_difference": -0.1513256405892377,
            "entropy_difference": 0.2430632873546692
        }
    },
    "transfer_entropy": {
        "frontal_to_central": {
            "high_ambiguity": 0.038288600441886374,
            "high_significance": -481.1619127023771,
            "low_ambiguity": 0.027234762262890996,
            "low_significance": -483.1798637357534,
            "difference": 0.011053838178995377
        },
        "central_to_frontal": {
            "high_ambiguity": 0.03401771637639472,
            "high_significance": -504.54544849901424,
            "low_ambiguity": 0.034179111963759265,
            "low_significance": -641.619417111092,
            "difference": -0.00016139558736454757
        },
        "asymmetry": {
            "high_ambiguity": 0.004270884065491656,
            "low_ambiguity": -0.006944349700868269,
            "difference": 0.011215233766359925
        }
    }
}